SET SQL_MODE = "NO_AUTO_VALUE_ON_ZERO";
START TRANSACTION;
SET time_zone = "+00:00";


--

-- --------------------------------------------------------

--
-- 資料表結構 `adoptions`
--

CREATE TABLE `adoptions` (
  `id` int NOT NULL,
  `user_id` int NOT NULL,
  `pet_id` int NOT NULL,
  `phone_number` varchar(15) NOT NULL,
  `reason` text NOT NULL,
  `created_at` datetime DEFAULT CURRENT_TIMESTAMP,
  `status` varchar(20) DEFAULT '審核中'
) ENGINE=InnoDB DEFAULT CHARSET=utf8mb4 COLLATE=utf8mb4_0900_ai_ci;

--
-- 傾印資料表的資料 `adoptions`
--

INSERT INTO `adoptions` (`id`, `user_id`, `pet_id`, `phone_number`, `reason`, `created_at`, `status`) VALUES
(1, 1, 1, '0974331777', '可愛', '2025-06-12 20:23:34', '駁回'),
(2, 1, 1, '0974331777', '可愛', '2025-06-12 20:23:40', '駁回'),
(3, 1, 1, '0974331777', '可愛', '2025-06-12 20:23:52', '駁回'),
(4, 1, 2, '0974331777', '可愛', '2025-06-12 20:48:41', '駁回'),
(5, 1, 1, '0974331777', '可愛', '2025-06-12 21:05:22', '駁回'),
(6, 1, 1, '0974331777', '需要陪伴', '2025-06-12 21:20:42', '駁回'),
(7, 1, 6, '0974331777', '渴望陪伴', '2025-06-12 22:23:56', '駁回'),
(8, 1, 3, '0974331777', '很可愛', '2025-06-12 23:58:55', '駁回'),
(9, 6, 2, '0974331777', '333', '2025-06-13 00:08:50', '駁回'),
(10, 4, 14, '0987654321', '1', '2025-06-13 01:14:03', '核准'),
(11, 9, 6, '0987654321', '1234', '2025-06-13 02:29:22', '駁回'),
(12, 9, 6, '0987654321', '123', '2025-06-13 02:42:15', '駁回'),
(13, 9, 15, '0988888888', '111', '2025-06-13 02:49:36', '駁回'),
(14, 3, 1, '0974331777', '456', '2025-06-13 03:02:21', '審核中'),
(15, 3, 16, '0988777441', '很可愛', '2025-06-13 04:30:22', '審核中'),
(16, 9, 2, '0987654321', '111', '2025-06-13 05:45:46', '駁回'),
(17, 3, 3, '0975331889', '456789', '2025-06-15 20:42:26', '駁回'),
(18, 12, 12, '0978886664', '987', '2025-06-16 00:17:36', '駁回'),
(19, 13, 3, '0912345678', 'Fhhff', '2026-01-20 07:11:41', '駁回'),
(20, 1, 23, '0978886667', '戴眼鏡太特別了!', '2026-06-19 20:37:06', '駁回'),
(21, 1, 2, '0975331889', '讚', '2026-06-20 11:14:52', '駁回'),
(22, 14, 3, '0978886667', '可愛', '2026-06-24 09:02:08', '駁回'),
(23, 1, 1, '0901310106', '覺得很可愛', '2026-06-25 19:00:32', '駁回'),
(24, 1, 1, '0901310106', '覺得很可愛', '2026-06-25 19:00:32', '駁回'),
(25, 1, 15, '0978886664', '因為它戴帽子', '2026-06-25 19:16:47', '審核中'),
(26, 1, 17, '0975331889', '因為牠有翅膀', '2026-06-25 19:17:26', '審核中'),
(27, 1, 23, '0905021029', '很喜歡貓咪', '2026-06-25 19:30:00', '審核中'),
(28, 1, 22, '0910070102', 'cute', '2026-06-26 03:35:34', '審核中'),
(29, 1, 24, '0900000000', '3', '2026-06-26 17:30:25', '核准');

-- --------------------------------------------------------

--
-- 資料表結構 `appointments`
--

CREATE TABLE `appointments` (
  `id` int NOT NULL,
  `user_id` int DEFAULT NULL,
  `visit_date` date DEFAULT NULL,
  `phone` varchar(20) DEFAULT NULL,
  `created_at` timestamp NULL DEFAULT CURRENT_TIMESTAMP,
  `status` varchar(20) DEFAULT '待確認',
  `purpose` varchar(50) DEFAULT '單純參訪(領養諮詢)',
  `group_size` int DEFAULT '1'
) ENGINE=InnoDB DEFAULT CHARSET=utf8mb4 COLLATE=utf8mb4_0900_ai_ci;

--
-- 傾印資料表的資料 `appointments`
--

INSERT INTO `appointments` (`id`, `user_id`, `visit_date`, `phone`, `created_at`, `status`, `purpose`, `group_size`) VALUES
(1, 3, '2025-06-05', '0121234656', '2025-06-12 23:13:24', '已確認', '單純參訪(領養諮詢)', 1),
(2, 3, '2025-06-10', '0121234656', '2025-06-12 23:17:28', '已取消', '單純參訪(領養諮詢)', 1),
(3, 6, '2025-06-04', '0121234656', '2025-06-12 23:30:32', '已確認', '單純參訪(領養諮詢)', 1),
(4, 6, '2025-06-06', '0121234656', '2025-06-12 23:44:19', '已取消', '單純參訪(領養諮詢)', 1),
(5, 6, '2025-06-24', '0121234656', '2025-06-12 23:48:28', '已確認', '單純參訪(領養諮詢)', 1),
(6, 6, '2025-06-03', '0121234658', '2025-06-12 23:55:28', '已確認', '單純參訪(領養諮詢)', 1),
(7, 6, '2025-06-17', '0121234658', '2025-06-12 23:57:40', '已取消', '單純參訪(領養諮詢)', 1),
(8, 8, '2025-06-30', '0121234658', '2025-06-13 00:15:17', '已確認', '單純參訪(領養諮詢)', 1),
(9, 2, '2025-06-25', '0121234656', '2025-06-13 00:29:53', '已取消', '單純參訪(領養諮詢)', 1),
(10, 2, '2025-06-04', '0121234656', '2025-06-13 00:30:15', '已確認', '單純參訪(領養諮詢)', 1),
(11, 2, '2025-06-04', '0121234656', '2025-06-13 00:31:50', '已確認', '單純參訪(領養諮詢)', 1),
(12, 3, '2025-06-26', '0121234699', '2025-06-13 00:32:19', '已確認', '單純參訪(領養諮詢)', 1),
(13, 4, '2025-06-20', '0987654321', '2025-06-13 01:13:25', '已取消', '單純參訪(領養諮詢)', 1),
(14, 4, '2025-06-21', '0987654321', '2025-06-13 01:16:28', '待確認', '單純參訪(領養諮詢)', 1),
(15, 9, '2025-06-04', '0987654321', '2025-06-13 02:10:32', '已確認', '單純參訪(領養諮詢)', 1),
(16, 9, '2025-06-13', '0987654321', '2025-06-13 02:11:41', '已確認', '單純參訪(領養諮詢)', 1),
(17, 9, '2025-06-28', '0987654321', '2025-06-13 02:14:35', '已取消', '單純參訪(領養諮詢)', 1),
(18, 3, '2025-06-25', '0121234658', '2025-06-13 02:18:36', '已取消', '單純參訪(領養諮詢)', 1),
(19, 2, '2025-06-14', '0987654321', '2025-06-13 02:18:49', '已取消', '單純參訪(領養諮詢)', 1),
(20, 3, '2025-06-24', '0121234699', '2025-06-13 02:18:50', '已取消', '單純參訪(領養諮詢)', 1),
(21, 2, '2025-06-14', '0987654321', '2025-06-13 02:22:00', '已取消', '單純參訪(領養諮詢)', 1),
(22, 9, '2025-06-21', '0987654321', '2025-06-13 02:23:24', '已取消', '單純參訪(領養諮詢)', 1),
(23, 9, '2025-06-28', '0987654321', '2025-06-13 02:40:50', '已確認', '單純參訪(領養諮詢)', 1),
(24, 9, '2025-06-30', '0988888888', '2025-06-13 02:41:19', '已取消', '單純參訪(領養諮詢)', 1),
(25, 9, '2025-06-18', '0988888888', '2025-06-13 02:45:00', '已確認', '單純參訪(領養諮詢)', 1),
(26, 9, '2025-07-01', '0988888888', '2025-06-13 02:47:01', '已取消', '單純參訪(領養諮詢)', 1),
(27, 3, '2025-06-24', '0121234658', '2025-06-13 03:02:37', '已取消', '單純參訪(領養諮詢)', 1),
(28, 3, '2025-06-16', '0121234658', '2025-06-13 03:09:40', '已取消', '單純參訪(領養諮詢)', 1),
(29, 3, '2025-06-11', '0121234656', '2025-06-13 03:13:20', '已取消', '單純參訪(領養諮詢)', 1),
(30, 3, '2025-07-02', '0121234658', '2025-06-13 03:22:11', '已取消', '單純參訪(領養諮詢)', 1),
(31, 2, '2025-06-17', '0988888888', '2025-06-13 03:23:29', '已取消', '單純參訪(領養諮詢)', 1),
(32, 2, '2025-07-02', '0987654321', '2025-06-13 03:24:30', '已取消', '單純參訪(領養諮詢)', 1),
(33, 3, '2025-07-15', '0955147922', '2025-06-13 04:29:28', '待確認', '單純參訪(領養諮詢)', 1),
(34, 2, '2025-06-14', '0987654321', '2025-06-13 05:39:33', '已確認', '單純參訪(領養諮詢)', 1),
(35, 2, '2025-08-01', '0987654321', '2025-06-13 05:42:26', '已確認', '單純參訪(領養諮詢)', 1),
(36, 2, '2025-08-02', '0987654321', '2025-06-13 05:43:33', '已取消', '單純參訪(領養諮詢)', 1),
(37, 2, '2025-08-08', '0987654321', '2025-06-13 05:44:06', '已取消', '單純參訪(領養諮詢)', 1),
(38, 3, '2025-07-22', '0121234652', '2025-06-15 20:41:05', '已取消', '單純參訪(領養諮詢)', 1),
(39, 3, '2025-07-12', '0121234652', '2025-06-15 20:41:20', '已取消', '單純參訪(領養諮詢)', 1),
(40, 9, '2025-06-30', '0987654321', '2025-06-15 23:52:04', '已取消', '單純參訪(領養諮詢)', 1),
(41, 1, '2025-06-30', '0987654321', '2025-06-15 23:52:55', '已取消', '單純參訪(領養諮詢)', 1),
(42, 12, '2025-07-10', '0121234652', '2025-06-16 00:16:53', '已確認', '單純參訪(領養諮詢)', 1),
(43, 14, '2026-06-16', '0121234699', '2026-06-21 09:53:58', '已確認', '單純參訪(領養諮詢)', 1),
(44, 6, '2026-06-23', '0121234652', '2026-06-21 10:26:57', '已取消', '單純參訪(領養諮詢)', 3),
(45, 6, '2026-06-23', '0121234658', '2026-06-21 10:28:14', '已取消', '愛心遛狗活動', 3),
(46, 14, '2026-06-24', '0121234656', '2026-06-21 15:18:08', '已取消', '洗澡與環境志工', 4),
(47, 1, '2026-06-24', '0121234658', '2026-06-21 15:18:41', '已取消', '愛心遛狗活動', 3),
(48, 1, '2026-06-25', '0121234656', '2026-06-21 15:31:47', '已確認', '愛心遛狗活動', 1),
(49, 14, '2026-06-25', '0121234699', '2026-06-21 15:33:00', '已確認', '洗澡與環境志工', 4),
(50, 14, '2026-06-30', '0121234658', '2026-06-24 08:55:28', '已取消', '洗澡與環境志工', 4),
(51, 14, '2026-06-30', '0121234652', '2026-06-24 10:38:32', '已取消', '愛心遛狗活動', 2),
(52, 14, '2026-06-30', '0121234658', '2026-06-24 10:38:53', '已確認', '愛心遛狗活動', 4),
(53, 1, '2026-07-02', '0121234652', '2026-06-24 23:57:11', '已確認', '洗澡與環境志工', 3),
(54, 1, '2026-07-03', '0121234652', '2026-06-24 23:57:24', '已取消', '愛心遛狗活動', 1),
(55, 1, '2026-07-06', '0121234652', '2026-06-24 23:57:39', '已確認', '洗澡與環境志工', 4),
(56, 1, '2026-07-01', '0905021029', '2026-06-25 19:47:19', '已取消', '愛心遛狗活動', 2),
(57, 1, '2026-07-01', '0905021029', '2026-06-25 19:51:46', '待確認', '單純參訪(領養諮詢)', 2),
(58, 1, '2026-06-27', '0901310106', '2026-06-25 19:54:08', '待確認', '單純參訪(領養諮詢)', 3),
(59, 1, '2026-07-01', '0900000000', '2026-06-26 09:33:27', '已確認', '單純參訪(領養諮詢)', 3),
(60, 1, '2026-08-07', '0900000000', '2026-06-26 09:34:53', '已取消', '單純參訪(領養諮詢)', 1);

-- --------------------------------------------------------

--
-- 資料表結構 `donation_needs`
--

CREATE TABLE `donation_needs` (
  `id` int NOT NULL,
  `item_name` varchar(100) NOT NULL COMMENT '物資名稱',
  `quantity_needed` varchar(50) NOT NULL COMMENT '需求數量與單位',
  `quantity_raised` int DEFAULT '0',
  `status` varchar(20) DEFAULT '募集中' COMMENT '狀態：募集中、已額滿',
  `created_at` timestamp NULL DEFAULT CURRENT_TIMESTAMP
) ENGINE=InnoDB DEFAULT CHARSET=utf8mb4 COLLATE=utf8mb4_0900_ai_ci;

--
-- 傾印資料表的資料 `donation_needs`
--

INSERT INTO `donation_needs` (`id`, `item_name`, `quantity_needed`, `quantity_raised`, `status`, `created_at`) VALUES
(1, '幼犬離乳高能量罐頭', '50 罐 (目前極缺)', 5, '募集中', '2026-06-24 14:29:57'),
(2, '成貓低敏乾糧 (不限品牌)', '10 袋 / 用途：日常消耗', 0, '募集中', '2026-06-24 14:29:57'),
(4, '2', '7 2', 4, '已額滿', '2026-06-26 09:26:31');

-- --------------------------------------------------------

--
-- 資料表結構 `guestbook`
--

CREATE TABLE `guestbook` (
  `id` int NOT NULL,
  `user_name` varchar(50) NOT NULL COMMENT '留言者暱稱',
  `content` text NOT NULL COMMENT '留言內容',
  `image_path` varchar(255) DEFAULT NULL,
  `created_at` timestamp NULL DEFAULT CURRENT_TIMESTAMP
) ENGINE=InnoDB DEFAULT CHARSET=utf8mb4 COLLATE=utf8mb4_0900_ai_ci;

--
-- 傾印資料表的資料 `guestbook`
--

INSERT INTO `guestbook` (`id`, `user_name`, `content`, `image_path`, `created_at`) VALUES
(1, '小明爸爸', '上個月領養的小黑現在超適應，每天都會在門口搖尾巴等我下班，真的太幸福了！', NULL, '2026-06-24 14:29:57'),
(2, '王小姐', '謝謝寵物之家！讓我們家多了一個毛毛的家長，咪咪現在胖了一公斤呢。', NULL, '2026-06-24 14:29:57'),
(4, 'user2', '好粉好可愛的小貓（づ￣3￣）づ╭❤️～～', 'uploads/guest_1782315490_6963.jpg', '2026-06-24 15:23:18'),
(5, 'user1', '花花帽太可愛了(❁´◡`❁)', 'uploads/guest_1782415691_8092.jpg', '2026-06-25 19:28:11'),
(7, 'user1', '太帥了😍😍😍', 'uploads/guest_1782416070_9403.jpg', '2026-06-25 19:34:30');

-- --------------------------------------------------------

--
-- 資料表結構 `lost_pets`
--

CREATE TABLE `lost_pets` (
  `id` int NOT NULL,
  `user_id` int NOT NULL,
  `pet_name` varchar(50) NOT NULL,
  `type` varchar(30) NOT NULL,
  `city` varchar(20) NOT NULL,
  `district` varchar(20) NOT NULL,
  `last_seen` varchar(255) NOT NULL,
  `description` text,
  `image_path` varchar(255) DEFAULT NULL,
  `contact_phone` varchar(20) NOT NULL,
  `status` varchar(20) DEFAULT '審核中',
  `created_at` timestamp NULL DEFAULT CURRENT_TIMESTAMP
) ENGINE=InnoDB DEFAULT CHARSET=utf8mb4 COLLATE=utf8mb4_0900_ai_ci;

--
-- 傾印資料表的資料 `lost_pets`
--

INSERT INTO `lost_pets` (`id`, `user_id`, `pet_name`, `type`, `city`, `district`, `last_seen`, `description`, `image_path`, `contact_phone`, `status`, `created_at`) VALUES
(3, 14, '牛奶', '貓', '高雄市', '左營區', '左營高鐵站', '黑白相間的毛色，身上綁著一個南瓜氣球。', 'uploads/lost_pets/lost_14_1782034582.jpg', '0948759214', '已團圓', '2026-06-21 09:36:22'),
(4, 14, '蘑菇', '貓', '屏東縣', '內埔鄉', '美和科技大學', '棕色毛髮，頭上有一個蘑菇帽。', 'uploads/lost_pets/lost_14_1782034765.jpg', '0845672388', '已團圓', '2026-06-21 09:39:25'),
(6, 1, '花花', '狗', '高雄市', '鼓山區', '瑞豐夜市', '藍色眼睛', 'uploads/lost_pets/lost_1_1782036382.jpg', '0928465037', '已團圓', '2026-06-21 10:06:22'),
(7, 16, '阿菊', '貓', '高雄市', '楠梓區', '楠梓加工區附近', '賓士貓，黃色眼睛，穿著皮夾克', 'uploads/lost_pets/lost_16_1782409880.jpg', '0974331771', '協尋中', '2026-06-25 17:51:20'),
(8, 16, '花花', '貓', '高雄市', '左營區', '巨蛋捷運站', '頭頂有花花，非常親人。', 'uploads/lost_pets/lost_16_1782410171.jpg', '0909807273', '協尋中', '2026-06-25 17:56:11');

-- --------------------------------------------------------

--
-- 資料表結構 `notifications`
--

CREATE TABLE `notifications` (
  `id` int NOT NULL,
  `user_id` int NOT NULL,
  `title` varchar(100) NOT NULL,
  `content` text NOT NULL,
  `is_read` tinyint(1) DEFAULT '0',
  `created_at` timestamp NULL DEFAULT CURRENT_TIMESTAMP
) ENGINE=InnoDB DEFAULT CHARSET=utf8mb4 COLLATE=utf8mb4_0900_ai_ci;

--
-- 傾印資料表的資料 `notifications`
--

INSERT INTO `notifications` (`id`, `user_id`, `title`, `content`, `is_read`, `created_at`) VALUES
(1, 1, '🐾 領養申請結果通知', '您好，感謝您對毛孩【柯南】的喜愛。由於該毛孩申請人數較多，本次未能成功媒合。園區還有許多等家的浪浪，歡迎您繼續關注！', 1, '2026-06-24 19:38:52'),
(2, 1, '📅 預約申請核准通知', '您好！您預約於 2026-06-25 的【愛心遛狗活動】活動已通過管理員審核，狀態已更新為「已確認」。期待您的到來！', 1, '2026-06-24 19:39:00'),
(3, 14, '🛑 預約申請取消/駁回通知', '您好，您先前預約於 2026-06-24 的【洗澡與環境志工】活動申請已由管理員「取消或駁回」。造成您的不便敬請見諒，如有疑問歡迎隨時聯繫園區。', 1, '2026-06-24 19:39:12'),
(4, 6, '💝 感謝您的愛心物資捐贈！', '親愛的會員您好，園區已成功核對並收到您回報捐贈的物資【幼犬罐頭 5】，管理員已審核通過。非常感謝您的熱心善舉，為等家的毛孩們補滿滿滿的能量！', 1, '2026-06-24 20:34:54'),
(5, 6, '💳 感謝您的愛心捐款入帳！', '親愛的會員您好，園區已確認收到您回報的爱心轉帳經費共【新台幣 1,000 元】，管理員已對帳審核通過！這筆經費將全數用於毛孩們的日常伙食與醫療醫療開銷，由衷感謝您的慷慨解囊！', 1, '2026-06-24 20:34:59'),
(6, 14, '🎉 走失毛孩團圓大喜訊！', '恭喜您！您通報協尋的毛孩【牛奶】狀態已成功更新為「已團圓」結案。非常高興看到寶貝平安回家，祝福你們未來的生活平安快樂！', 1, '2026-06-24 22:42:56'),
(7, 1, '📅 預約申請核准通知', '您好！您預約於 2026-07-02 的【洗澡與環境志工】活動已通過管理員審核，狀態已更新為「已確認」。期待您的到來！', 1, '2026-06-24 23:58:05'),
(8, 1, '🛑 預約申請取消/駁回通知', '您好，您先前預約於 2026-07-03 的【愛心遛狗活動】活動申請已由管理員「取消或駁回」。造成您的不便敬請見諒，如有疑問歡迎隨時聯繫園區。', 1, '2026-06-24 23:58:09'),
(9, 1, '📅 預約申請核准通知', '您好！您預約於 2026-07-06 的【洗澡與環境志工】活動已通過管理員審核，狀態已更新為「已確認」。期待您的到來！', 1, '2026-06-24 23:58:14'),
(10, 16, '🚨 協尋公告審核通過！', '您好！您通報協尋的毛孩【阿菊】已通過管理員審核，目前公告已正式發布至首頁。希望寶貝能集合大眾力量儘快平安歸來！', 1, '2026-06-25 17:51:52'),
(11, 16, '🚨 協尋公告審核通過！', '您好！您通報協尋的毛孩【花花】已通過管理員審核，目前公告已正式發布至首頁。希望寶貝能集合大眾力量儘快平安歸來！', 1, '2026-06-25 17:56:41'),
(12, 1, '🐾 領養申請結果通知', '您好，感謝您對毛孩【塔克米123】的喜愛。由於該毛孩申請人數較多，本次未能成功媒合。園區還有許多等家的浪浪，歡迎您繼續關注！', 1, '2026-06-25 19:03:21'),
(13, 1, '🐾 領養申請結果通知', '您好，感謝您對毛孩【塔克米123】的喜愛。由於該毛孩申請人數較多，本次未能成功媒合。園區還有許多等家的浪浪，歡迎您繼續關注！', 1, '2026-06-25 19:05:26'),
(14, 14, '🐾 領養申請結果通知', '您好，感謝您對毛孩【總裁】的喜愛。由於該毛孩申請人數較多，本次未能成功媒合。園區還有許多等家的浪浪，歡迎您繼續關注！', 1, '2026-06-25 19:06:07'),
(15, 14, '📅 預約申請核准通知', '您好！您預約於 2026-06-30 的【愛心遛狗活動】活動已通過管理員審核，狀態已更新為「已確認」。期待您的到來！', 0, '2026-06-25 19:43:24'),
(16, 1, '⚠️ 物資捐贈回報審核未通過', '您好，您先前填寫的【99】物資捐贈回報，因資訊核對不符（或物流單據照片無法辨識），未能通過審核。若有任何疑問，歡迎聯絡園區核對。', 1, '2026-06-25 21:31:42'),
(17, 16, '⚠️ 愛心捐款對帳未成功', '您好，您先前填寫金額 2000 元的匯款回報，因管理員核對園區帳戶後，查無對應之帳號後五碼流水帳紀錄。請您確認後五碼是否填寫正確，或歡迎聯絡園區協助核對，再次感謝您的愛心。', 1, '2026-06-25 21:57:20'),
(18, 1, '🚨 協尋案件撤下通知', '您好，您先前發布的毛孩【米線】協尋公告，已由系統管理員執行下架撤案（可能因時間過久或已順利結案維護）。若有任何疑問歡迎聯繫園區。', 1, '2026-06-25 22:19:48'),
(19, 6, '🚨 協尋案件撤下通知', '您好，您先前發布的毛孩【眼鏡】協尋公告，已由系統管理員執行下架撤案（可能因時間過久或已順利結案維護）。若有任何疑問歡迎聯繫園區。', 0, '2026-06-25 22:22:22'),
(20, 1, '🚨 協尋公告審核通過！', '您好！您通報協尋的毛孩【1】已通過管理員審核，目前公告已正式發布至首頁。希望寶貝能集合大眾力量儘快平安歸來！', 1, '2026-06-25 22:28:30'),
(21, 1, '🎉 走失毛孩團圓大喜訊！', '恭喜您！您通報協尋的毛孩【1】狀態已成功更新為「已團圓」結案。非常高興看到寶貝平安回家，祝福你們未來的生活平安快樂！', 1, '2026-06-25 22:28:42'),
(22, 1, '🚨 協尋案件撤下通知', '您好，您先前發布的毛孩【1】協尋公告，已由系統管理員執行下架撤案（可能因時間過久或已順利結案維護）。若有任何疑問歡迎聯繫園區。', 1, '2026-06-25 22:28:59'),
(23, 1, '🐾 領養申請結果通知', '好消息！您申請領養的毛孩【藍加】已經通過管理員審核囉！請近期留意電話或簡訊，園區將有專人與您聯繫後續的互動與領養手續事宜。', 1, '2026-06-26 09:31:18'),
(24, 1, '🐾 領養申請結果通知', '您好，感謝您對毛孩【牛奶】的喜愛。由於該毛孩申請人數較多，本次未能成功媒合。園區還有許多等家的浪浪，歡迎您繼續關注！', 1, '2026-06-26 09:32:12'),
(25, 1, '📅 預約申請核准通知', '您好！您預約於 2026-07-01 的【單純參訪(領養諮詢)】活動已通過管理員審核，狀態已更新為「已確認」。期待您的到來！', 1, '2026-06-26 09:34:06'),
(26, 1, '⚠️ 愛心捐款對帳未成功', '您好，您先前填寫金額 222 元的匯款回報，因管理員核對園區帳戶後，查無對應之帳號後五碼流水帳紀錄。請您確認後五碼是否填寫正確，或歡迎聯絡園區協助核對，再次感謝您的愛心。', 1, '2026-06-26 09:39:51'),
(27, 1, '🚨 協尋公告審核通過！', '您好！您通報協尋的毛孩【1】已通過管理員審核，目前公告已正式發布至首頁。希望寶貝能集合大眾力量儘快平安歸來！', 0, '2026-06-26 09:41:14'),
(28, 1, '🎉 走失毛孩團圓大喜訊！', '恭喜您！您通報協尋的毛孩【1】狀態已成功更新為「已團圓」結案。非常高興看到寶貝平安回家，祝福你們未來的生活平安快樂！', 0, '2026-06-26 09:41:52'),
(29, 1, '🎉 走失毛孩團圓大喜訊！', '恭喜您！您通報協尋的毛孩【花花】狀態已成功更新為「已團圓」結案。非常高興看到寶貝平安回家，祝福你們未來的生活平安快樂！', 0, '2026-06-26 09:42:29'),
(30, 1, '🚨 協尋案件撤下通知', '您好，您先前發布的毛孩【1】協尋公告，已由系統管理員執行下架撤案（可能因時間過久或已順利結案維護）。若有任何疑問歡迎聯繫園區。', 0, '2026-06-26 09:43:03');

-- --------------------------------------------------------

--
-- 資料表結構 `pets`
--

CREATE TABLE `pets` (
  `id` int NOT NULL,
  `name` varchar(50) DEFAULT NULL,
  `type` varchar(50) DEFAULT NULL,
  `age` int DEFAULT NULL,
  `image` varchar(255) DEFAULT NULL,
  `status` varchar(20) DEFAULT '可領養'
) ENGINE=InnoDB DEFAULT CHARSET=utf8mb4 COLLATE=utf8mb4_0900_ai_ci;

--
-- 傾印資料表的資料 `pets`
--

INSERT INTO `pets` (`id`, `name`, `type`, `age`, `image`, `status`) VALUES
(1, '塔克米123', '西伯利亞貓', 2, 'image/cat1.jpg', '可領養'),
(2, '起司', '起司貓', 3, 'image/cat2.jpg', '可領養'),
(3, '總裁', '緬因貓', 1, 'image/pet_684baa11db91e.jpeg', '可領養'),
(6, '牛奶', '奶牛貓', 4, 'image/pet_684b4a111081a.jpg', '可領養'),
(12, '毛線', '土耳其梵貓', 2, 'image/pet_684b75ca27008.jpg', '可領養'),
(14, '安', '異色瞳梵貓', 1, 'image/pet_684b76884cb9e.jpg', '已領養'),
(15, '婷', '三色貓', 2, 'image/pet_684b77ab3ab7d.jpg', '申請中'),
(16, '冬天', '西伯利亞貓', 3, 'image/pet_684b77d3049f4.jpg', '可領養'),
(17, '晨', '孟買貓', 2, 'image/pet_684b77f56b752.jpg', '申請中'),
(22, '嘿嘿', '俄羅斯藍貓', 3, 'image/pet_684ba9d9e117c.jpeg', '申請中'),
(23, '柯南', '挪威森林', 0, 'image/pet_684f600aa1556.jpg', '申請中'),
(24, '藍加', '暹羅貓', 2, 'image/pet_684f315814e4d.jpg', '已領養'),
(27, '1', '1', 0, 'image/pet_6a3e45879c8af.jpg', '可領養');

-- --------------------------------------------------------

--
-- 資料表結構 `pet_wiki`
--

CREATE TABLE `pet_wiki` (
  `id` int NOT NULL,
  `title` varchar(255) NOT NULL COMMENT '文章標題',
  `summary` varchar(255) DEFAULT NULL COMMENT '文章摘要(首頁偷看用)',
  `content` text NOT NULL COMMENT '詳細內文',
  `created_at` timestamp NULL DEFAULT CURRENT_TIMESTAMP
) ENGINE=InnoDB DEFAULT CHARSET=utf8mb4 COLLATE=utf8mb4_0900_ai_ci;

--
-- 傾印資料表的資料 `pet_wiki`
--

INSERT INTO `pet_wiki` (`id`, `title`, `summary`, `content`, `created_at`) VALUES
(1, '幼貓進家第一週注意事項', '準備獨立安靜的房間，切勿急著洗澡與強行抱持...', '剛到新家的幼貓容易緊張，請先將牠安置在小房間，準備好砂盆與水。一週內千萬不要洗澡，避免免役力下降生病。', '2026-06-24 14:29:57'),
(2, '汪星人挑食怎麼辦？', '定時定量是關鍵，固定放飯20分鐘後不吃即收走...', '挑食往往是主人寵出來的。建議採取定時定量制，放碗20分鐘後不管有沒有吃完直接收走，讓狗狗知道珍惜食物。', '2026-06-24 14:29:57'),
(3, '貓咪日常水分補充三大妙招', '貓咪不愛喝水容易引發腎臟疾病，可以用流動水或濕食來吸引牠們喔！', '貓咪的祖先來自沙漠，因此牠們對口渴的敏感度較低，常常自主飲水量不足。長期缺水容易引發慢性腎衰竭、尿道結石或膀胱炎等致命疾病。\r\n專家建議三種增加貓咪飲水的方法：\r\n\r\n1.換成流動式飲水機：貓咪天生喜歡拍打、飲用活水。\r\n2.多處放置水碗：在貓咪日常走動的動線上多放幾個水杯，切記要與砂盆分開。\r\n3.提高飲食中的濕食比例：將副食罐、全主食罐加水餵食，是最直接強迫補水的方式。', '2026-06-24 21:37:07'),
(4, '毛孩太胖不是福！肥胖危機與減重', '圓滾滾雖然可愛，但過胖會造成心臟負擔與骨頭壞死。控制熱量才能陪你更久。', '許多飼主常有「阿嬤養的狗/貓」觀念，認為寵物愈胖愈福氣。然而，醫學研究指出，肥胖是犬貓健康的頭號殺手，會誘發糖尿病、胰臟炎、心血管疾病，更會加劇脊椎與關節的退化磨損。\r\n請用手觸摸毛孩的胸腔兩側，若完全摸不到肋骨形狀，代表已經過胖。減重應從「減少每日飼料杯數 10%」開始，並停止給予高熱量的起司、肉乾零食。可以利用熱量低、高纖維的蒸熟蒟蒻或熟蘆筍代替零食，達到飽足感又不會發胖。', '2026-06-24 21:38:53'),
(5, '幼犬預防針怎麼打？疫苗基礎常識', '剛領養的幼犬需要施打三劑核心疫苗。未補齊前請勿出門與其他狗狗接觸。', '幼犬體內來自母乳的抗體（母源抗體）會在出生後 6 至 8 週開始減弱，此時極易感染犬瘟熱、犬出血性腸炎等高致死率病毒。\r\n標準的免疫程序為：\r\n在幼犬滿 2 個月、3 個月、4 個月時，各施打一劑核心疫苗（如五合一或十合一），並在最後一劑同時施打狂犬病疫苗。在第三劑施打完並過兩週、體內抗體完全產生前，絕對不要帶狗狗到草地散步，也不要接觸來路不明的犬隻，保護幼犬脆弱的免疫系統。', '2026-06-24 21:39:34'),
(6, '貓咪頻繁吐毛？排毛與化毛膏指南', '貓咪每天梳毛仍會吞入大量廢毛，定期補充排毛粉或貓草可預防腸胃阻塞。', '貓咪是非常愛乾淨的動物，每天花四分之一的時間用帶刺的舌頭梳理毛髮，這會導致牠們吞下大量死毛。若腸胃蠕動慢，毛髮在胃裡結成大毛球，貓咪就會乾嘔、吐出黏液毛團，嚴重時甚至會演變成「毛球症」阻塞腸道，必須開刀取出。\r\n除了每天持之以恆用排毛梳幫貓梳毛外，每週應給予 2-3 次天然化毛膏、新鮮種植的貓草（小麥草），或在濕食中添加膳食纖維排毛粉，幫助腸胃中的毛髮隨大便順暢排出。', '2026-06-24 21:40:08'),
(7, '夏日除蟲大作戰：內外寄生蟲預防', '跳蚤、壁蝨和心絲蟲不可不防！每月定期點藥，才能有效遠離傳染病。', '台灣氣候濕熱，是寄生蟲繁殖的溫床。外部寄生蟲如跳蚤會引發嚴重的過敏性皮膚炎；壁蝨則會傳播致命的焦蟲症、艾利希體。而最危險的內部寄生蟲「心絲蟲」，是透過蚊子叮咬傳播，最終會寄生在心臟與肺動脈，造成心肺衰竭。\r\n預防勝於治療，飼主應維持「每月按時投藥」的習慣。市面上有許多滴劑或口服餌劑（如全能狗、寵愛等），可同時預防心絲蟲與外寄生蟲。切勿因為寵物不出門就不點藥，因為主人出門也可能把蟲卵帶回家。', '2026-06-24 21:41:04'),
(8, '天天吃牧草！兔子不能不磨牙的秘密', '兔兔的牙齒一輩子都會不停生長！如果不給予充足牧草磨牙，會導致穿孔。', '兔子的牙齒（包含門齒與大臼齒）與犬貓不同，是一生都會不斷盲目生長的。牠們必須依靠吃高纖維的乾牧草，透過上下齒不斷左右咀嚼、摩擦，才能把牙齒自然磨短。\r\n如果長期只吃鬆軟的飼料或蔬果，牙齒磨損不足，會導致「齒根過長」或「牙齒咬合不正」。過長的牙齒會刺穿牙齦、舌頭，引發膿包潰爛，甚至向上刺穿眼窩導致失明。因此，成兔的飲食比例應維持 80% 無限純牧草（如提摩西草），才是唯一的保命之道。', '2026-06-24 21:41:40'),
(9, '居家微調：給高齡犬貓的友善空間', '7歲以上的毛孩開始步入老年。鋪設防滑墊、加裝斜坡斜踏板，能保護關節。', '當毛孩步伐變慢、跳不上沙發、或是睡覺時間變長，代表牠已經步入老年。老年犬貓常見的退化性關節炎，會讓牠們每一次走在光滑的磁磚上都是一種折磨。\r\n飼主可以透過簡單的居家微調貼心照顧：\r\n1.在客廳與房間走道鋪上防滑地墊，防止腳滑二次受傷。\r\n2.剪短腳底毛：減少肉墊與地面的摩擦阻力。\r\n3.添購寵物專用斜坡或小樓梯：放置在沙發或床邊，避免上下跳躍對脊椎與關節造成的劇烈衝擊。', '2026-06-24 21:42:31'),
(11, '口臭不是正常現象！毛孩潔牙三步驟', '嚴重的牙結石會引發心臟與腎臟內毒素感染，從小養成天天刷牙好習慣。', '很多飼主誤以為貓狗有口臭是正常的，其實那通常是牙周病與大量牙結石發炎引發的惡臭。牙齦血管豐富，結石裡的細菌會順著血液循環流回體內，損害毛孩的心臟、肝臟和腎臟。\r\n只吃潔牙骨是無法徹底清除牙菌斑的，最有效的是「實體刷牙」：\r\n步驟一：先用手指沾肉汁或貓草水，讓毛孩習慣觸摸牙齦。\r\n步驟二：套上紗布輕輕摩擦牙齒表面。\r\n步驟三：進階使用寵物專用酵素牙膏與小刷頭刷牙。持之以恆，就能省下未來上萬元麻醉洗牙的費用與風險。', '2026-06-24 22:18:44');

-- --------------------------------------------------------

--
-- 資料表結構 `users`
--

CREATE TABLE `users` (
  `id` int NOT NULL,
  `username` varchar(50) NOT NULL,
  `nickname` varchar(50) CHARACTER SET utf8mb4 COLLATE utf8mb4_0900_ai_ci DEFAULT NULL,
  `password` varchar(100) NOT NULL,
  `email` varchar(100) CHARACTER SET utf8mb4 COLLATE utf8mb4_0900_ai_ci DEFAULT NULL,
  `phone` varchar(20) CHARACTER SET utf8mb4 COLLATE utf8mb4_0900_ai_ci DEFAULT NULL,
  `avatar` varchar(255) CHARACTER SET utf8mb4 COLLATE utf8mb4_0900_ai_ci DEFAULT NULL,
  `role` enum('user','admin') NOT NULL
) ENGINE=InnoDB DEFAULT CHARSET=utf8mb4 COLLATE=utf8mb4_0900_ai_ci;

--
-- 傾印資料表的資料 `users`
--

INSERT INTO `users` (`id`, `username`, `nickname`, `password`, `email`, `phone`, `avatar`, `role`) VALUES
(1, 'user1', '蛋蛋哥', 'user111', '', '0905020106', 'uploads/avatars/avatar_1_1781951724.jpg', 'user'),
(2, 'admin1', NULL, 'admin111', NULL, NULL, NULL, 'admin'),
(6, 'user3', NULL, 'user333', NULL, NULL, NULL, 'user'),
(8, 'user5', NULL, 'user555', NULL, NULL, NULL, 'user'),
(9, '1234', NULL, '0987', NULL, NULL, NULL, 'user'),
(11, 'user6', NULL, 'user666', NULL, NULL, NULL, 'user'),
(12, 'user7', '小明爸爸', 'user777', '', '', NULL, 'user'),
(13, 'abc123', NULL, 'abc123', NULL, NULL, NULL, 'user'),
(14, 'user2', NULL, 'user222', NULL, NULL, NULL, 'user'),
(15, 'user8', '王小姐', '8888', '', '', NULL, 'user'),
(16, 'user11', NULL, 'user111111', NULL, NULL, NULL, 'user');

-- --------------------------------------------------------

--
-- 資料表結構 `user_donations`
--

CREATE TABLE `user_donations` (
  `id` int NOT NULL,
  `user_name` varchar(50) NOT NULL,
  `item_name` varchar(100) NOT NULL,
  `quantity` int NOT NULL,
  `shipping_method` varchar(50) NOT NULL,
  `image_path` varchar(255) DEFAULT NULL,
  `status` varchar(20) DEFAULT '待審核',
  `created_at` timestamp NULL DEFAULT CURRENT_TIMESTAMP
) ENGINE=InnoDB DEFAULT CHARSET=utf8mb4 COLLATE=utf8mb4_0900_ai_ci;

--
-- 傾印資料表的資料 `user_donations`
--

INSERT INTO `user_donations` (`id`, `user_name`, `item_name`, `quantity`, `shipping_method`, `image_path`, `status`, `created_at`) VALUES
(1, 'user3', '【金錢捐贈】轉帳後五碼：55555', 1000, '銀行轉帳 / 匯款', 'uploads/donation_20260624_200638_155.png', '已核準', '2026-06-24 20:06:39'),
(2, 'user3', '幼犬罐頭', 5, '親自送到園區', 'uploads/donation_20260624_201540_995.png', '已核準', '2026-06-24 20:15:40'),
(3, 'user1', '99', 9, '郵寄 / 貨運寄送', NULL, '已拒絕', '2026-06-25 21:31:29'),
(4, 'user1', '罐頭', 8, '郵寄 / 貨運寄送', 'uploads/donation_20260626_053719_468.png', '待審核', '2026-06-25 21:37:19'),
(5, 'user11', '幼犬罐頭', 5, '郵寄 / 貨運寄送', 'uploads/donation_20260626_053913_980.png', '待審核', '2026-06-25 21:39:13'),
(6, 'user1', '罐頭', 8, '郵寄 / 貨運寄送', 'uploads/donation_20260626_053931_813.png', '待審核', '2026-06-25 21:39:31'),
(7, 'user11', '【金錢捐贈】轉帳後五碼：55555', 2000, '銀行轉帳 / 匯款', 'uploads/donation_20260626_054327_934.png', '待審核', '2026-06-25 21:43:27'),
(8, 'user11', '【金錢捐贈】轉帳後五碼：55555', 2000, '銀行轉帳 / 匯款', 'uploads/donation_20260626_054508_577.png', '待審核', '2026-06-25 21:45:08'),
(9, 'user1', '【金錢捐贈】轉帳後五碼：52018', 2500, '銀行轉帳 / 匯款', 'uploads/donation_20260626_055838_416.png', '待審核', '2026-06-25 21:58:38'),
(10, 'user1', '11', 4, '親自送到園區', 'uploads/donation_20260626_173840_601.png', '待審核', '2026-06-26 09:38:40'),
(11, 'user1', '【金錢捐贈】轉帳後五碼：33333', 222, '銀行轉帳 / 匯款', 'uploads/donation_20260626_173936_244.png', '已拒絕', '2026-06-26 09:39:36');

--
-- 已傾印資料表的索引
--

--
-- 資料表索引 `adoptions`
--
ALTER TABLE `adoptions`
  ADD PRIMARY KEY (`id`);

--
-- 資料表索引 `appointments`
--
ALTER TABLE `appointments`
  ADD PRIMARY KEY (`id`);

--
-- 資料表索引 `donation_needs`
--
ALTER TABLE `donation_needs`
  ADD PRIMARY KEY (`id`);

--
-- 資料表索引 `guestbook`
--
ALTER TABLE `guestbook`
  ADD PRIMARY KEY (`id`);

--
-- 資料表索引 `lost_pets`
--
ALTER TABLE `lost_pets`
  ADD PRIMARY KEY (`id`);

--
-- 資料表索引 `notifications`
--
ALTER TABLE `notifications`
  ADD PRIMARY KEY (`id`);

--
-- 資料表索引 `pets`
--
ALTER TABLE `pets`
  ADD PRIMARY KEY (`id`);

--
-- 資料表索引 `pet_wiki`
--
ALTER TABLE `pet_wiki`
  ADD PRIMARY KEY (`id`);

--
-- 資料表索引 `users`
--
ALTER TABLE `users`
  ADD PRIMARY KEY (`id`);

--
-- 資料表索引 `user_donations`
--
ALTER TABLE `user_donations`
  ADD PRIMARY KEY (`id`);

--
-- 在傾印的資料表使用自動遞增(AUTO_INCREMENT)
--

--
-- 使用資料表自動遞增(AUTO_INCREMENT) `adoptions`
--
ALTER TABLE `adoptions`
  MODIFY `id` int NOT NULL AUTO_INCREMENT, AUTO_INCREMENT=30;

--
-- 使用資料表自動遞增(AUTO_INCREMENT) `appointments`
--
ALTER TABLE `appointments`
  MODIFY `id` int NOT NULL AUTO_INCREMENT, AUTO_INCREMENT=61;

--
-- 使用資料表自動遞增(AUTO_INCREMENT) `donation_needs`
--
ALTER TABLE `donation_needs`
  MODIFY `id` int NOT NULL AUTO_INCREMENT, AUTO_INCREMENT=5;

--
-- 使用資料表自動遞增(AUTO_INCREMENT) `guestbook`
--
ALTER TABLE `guestbook`
  MODIFY `id` int NOT NULL AUTO_INCREMENT, AUTO_INCREMENT=11;

--
-- 使用資料表自動遞增(AUTO_INCREMENT) `lost_pets`
--
ALTER TABLE `lost_pets`
  MODIFY `id` int NOT NULL AUTO_INCREMENT, AUTO_INCREMENT=11;

--
-- 使用資料表自動遞增(AUTO_INCREMENT) `notifications`
--
ALTER TABLE `notifications`
  MODIFY `id` int NOT NULL AUTO_INCREMENT, AUTO_INCREMENT=31;

--
-- 使用資料表自動遞增(AUTO_INCREMENT) `pets`
--
ALTER TABLE `pets`
  MODIFY `id` int NOT NULL AUTO_INCREMENT, AUTO_INCREMENT=28;

--
-- 使用資料表自動遞增(AUTO_INCREMENT) `pet_wiki`
--
ALTER TABLE `pet_wiki`
  MODIFY `id` int NOT NULL AUTO_INCREMENT, AUTO_INCREMENT=14;

--
-- 使用資料表自動遞增(AUTO_INCREMENT) `users`
--
ALTER TABLE `users`
  MODIFY `id` int NOT NULL AUTO_INCREMENT, AUTO_INCREMENT=17;

--
-- 使用資料表自動遞增(AUTO_INCREMENT) `user_donations`
--
ALTER TABLE `user_donations`
  MODIFY `id` int NOT NULL AUTO_INCREMENT, AUTO_INCREMENT=12;
COMMIT;


